index,timestamp,relative_time,value
1,1770293897,0,0.0
2,1770293898,1,0.0
3,1770293899,2,0.0
4,1770293900,3,0.0
5,1770293901,4,0.0
6,1770293902,5,0.0
7,1770293903,6,0.0
8,1770293904,7,0.0
9,1770293905,8,0.0
10,1770293906,9,0.0
11,1770293907,10,0.0
12,1770293908,11,0.0
13,1770293909,12,0.0
14,1770293910,13,0.0
15,1770293911,14,0.0
16,1770293912,15,0.0
17,1770293913,16,0.0
18,1770293914,17,0.0
19,1770293915,18,0.0
20,1770293916,19,0.0
21,1770293917,20,0.0
22,1770293918,21,0.0
23,1770293919,22,0.0
24,1770293920,23,0.0
25,1770293921,24,0.0
26,1770293922,25,0.0
27,1770293923,26,0.0
28,1770293924,27,0.0
29,1770293925,28,0.0
30,1770293926,29,0.0
31,1770293927,30,0.0
32,1770293928,31,0.0
33,1770293929,32,0.0
34,1770293930,33,0.0
35,1770293931,34,0.6804175819903187
36,1770293932,35,0.6804175819903187
37,1770293933,36,0.6804175819903187
38,1770293934,37,0.6804175819903187
39,1770293935,38,0.6804175819903187
40,1770293936,39,0.6804175819903187
41,1770293937,40,0.6804175819903187
42,1770293938,41,0.6804175819903187
43,1770293939,42,1.6952747929326089
44,1770293940,43,1.6952747929326089
45,1770293941,44,1.6952747929326089
46,1770293942,45,1.4560954472476162
47,1770293943,46,1.4560954472476162
48,1770293944,47,1.4560954472476162
49,1770293945,48,1.4560954472476162
50,1770293946,49,1.4560954472476162
51,1770293947,50,1.4560954472476162
52,1770293948,51,1.4560954472476162
53,1770293949,52,1.7647949499526936
54,1770293950,53,1.7647949499526936
55,1770293951,54,1.7647949499526936
56,1770293952,55,1.7647949499526936
57,1770293953,56,1.7647949499526936
58,1770293954,57,1.7647949499526936
59,1770293955,58,1.7647949499526936
60,1770293956,59,2.167823031640082
61,1770293957,60,2.167823031640082
62,1770293958,61,1.9868236608230345
63,1770293959,62,1.3739911238326368
64,1770293960,63,1.3739911238326368
65,1770293961,64,1.3739911238326368
66,1770293962,65,1.3739911238326368
67,1770293963,66,1.3739911238326368
68,1770293964,67,1.6904127062900076
69,1770293965,68,1.6904127062900076
70,1770293966,69,1.6904127062900076
71,1770293967,70,1.6904127062900076
72,1770293968,71,1.6904127062900076
73,1770293969,72,1.6904127062900076
74,1770293970,73,1.6904127062900076
75,1770293971,74,1.6904127062900076
76,1770293972,75,0.9549795361527967
77,1770293973,76,0.6913034031878963
78,1770293974,77,0.6913034031878963
79,1770293975,78,0.6913034031878963
80,1770293976,79,0.6913034031878963
81,1770293977,80,0.6913034031878963
82,1770293978,81,0.6913034031878963
83,1770293979,82,0.6913034031878963
84,1770293980,83,0.6913034031878963
85,1770293981,84,0.6913034031878963
86,1770293982,85,0.0
87,1770293983,86,0.0
88,1770293984,87,0.0
89,1770293985,88,0.0
90,1770293986,89,0.0
91,1770293987,90,0.0
92,1770293988,91,0.0
93,1770293989,92,0.0
94,1770293990,93,0.0
95,1770293991,94,0.0
96,1770293992,95,0.0
97,1770293993,96,0.0
98,1770293994,97,0.0
99,1770293995,98,0.0
100,1770293996,99,0.0
101,1770293997,100,0.0
102,1770293998,101,0.0
103,1770293999,102,0.0
104,1770294000,103,0.0
105,1770294001,104,0.0
106,1770294002,105,0.0
107,1770294003,106,0.0
108,1770294004,107,0.0
109,1770294005,108,0.0
110,1770294006,109,0.0
111,1770294007,110,0.0
112,1770294008,111,0.0
113,1770294009,112,0.0
114,1770294010,113,0.0
115,1770294011,114,0.0
116,1770294012,115,0.0
117,1770294013,116,0.0
118,1770294014,117,0.0
119,1770294015,118,0.0
120,1770294016,119,0.0
121,1770294017,120,0.0
122,1770294018,121,0.0
123,1770294019,122,0.0
124,1770294020,123,0.0
125,1770294021,124,0.0
126,1770294022,125,0.0
127,1770294023,126,0.0
128,1770294024,127,0.0
129,1770294025,128,0.0
130,1770294026,129,0.0
131,1770294027,130,0.0
132,1770294028,131,0.0
133,1770294029,132,0.0
134,1770294030,133,0.0
135,1770294031,134,0.0
136,1770294032,135,0.0
137,1770294033,136,0.0
138,1770294034,137,0.0
139,1770294035,138,0.0
140,1770294036,139,0.0
141,1770294037,140,0.0
142,1770294038,141,0.0
143,1770294039,142,0.0
144,1770294040,143,0.0
145,1770294041,144,0.0
146,1770294042,145,0.0
147,1770294043,146,0.0
148,1770294044,147,0.0
149,1770294045,148,0.0
150,1770294046,149,0.0
151,1770294047,150,0.0
152,1770294048,151,0.0
153,1770294049,152,0.0
154,1770294050,153,0.0
155,1770294051,154,0.0
156,1770294052,155,0.0
157,1770294053,156,0.0
158,1770294054,157,0.0
159,1770294055,158,0.0
160,1770294056,159,0.0
161,1770294057,160,0.0
162,1770294058,161,0.0
163,1770294059,162,0.0
164,1770294060,163,0.0
165,1770294061,164,0.0
166,1770294062,165,0.0
167,1770294063,166,0.0
168,1770294064,167,0.0
169,1770294065,168,0.0
170,1770294066,169,0.0
171,1770294067,170,0.0
172,1770294068,171,0.0
173,1770294069,172,0.0
174,1770294070,173,0.0
175,1770294071,174,0.0
176,1770294072,175,0.0
177,1770294073,176,0.0
178,1770294074,177,0.0
179,1770294075,178,0.0
180,1770294076,179,0.0
181,1770294077,180,0.0
182,1770294078,181,0.0
183,1770294079,182,0.0
184,1770294080,183,0.0
185,1770294081,184,0.0
186,1770294082,185,0.0
187,1770294083,186,0.0
188,1770294084,187,0.0
189,1770294085,188,0.0
190,1770294086,189,0.0
191,1770294087,190,0.0
192,1770294088,191,0.0
193,1770294089,192,0.0
194,1770294090,193,0.0
195,1770294091,194,0.0
196,1770294092,195,0.0
197,1770294093,196,0.0
198,1770294094,197,0.0
199,1770294095,198,0.0
200,1770294096,199,0.0
201,1770294097,200,0.0
202,1770294098,201,0.0
203,1770294099,202,0.0
204,1770294100,203,0.0
205,1770294101,204,0.0
206,1770294102,205,0.0
207,1770294103,206,0.0
208,1770294104,207,0.0
209,1770294105,208,0.0
210,1770294106,209,0.0
211,1770294107,210,0.0
212,1770294108,211,0.0
213,1770294109,212,0.0
214,1770294110,213,0.0
215,1770294111,214,0.0
216,1770294112,215,0.0
217,1770294113,216,0.0
218,1770294114,217,0.0
219,1770294115,218,0.0
220,1770294116,219,0.0
221,1770294117,220,0.0
222,1770294118,221,0.0
223,1770294119,222,0.0
224,1770294120,223,0.0
225,1770294121,224,0.0
226,1770294122,225,0.0
227,1770294123,226,0.0
