index,average,min,max,std_dev,window
1,7.586,0.0,0.255,0.09523,8
2,5.135,0.0,0.508,0.1518,11
3,4.597,0.0,0.715,0.18497,16
4,4.674,0.0,0.715,0.1626,22
5,4.882,0.0,0.715,0.15085,28
6,4.733,0.0,0.715,0.14689,32
7,4.537,0.0,0.715,0.15742,36
8,4.659,0.0,0.715,0.153,42
9,4.557,0.0,0.715,0.15081,47
10,4.695,0.0,0.715,0.14305,54
11,4.751,0.0,0.715,0.14168,60
12,4.84,0.0,0.715,0.13705,66
13,4.702,0.0,0.715,0.13868,71
14,4.81,0.0,0.715,0.13862,78
15,4.975,0.0,0.715,0.13527,86
16,4.873,0.0,0.715,0.14378,90
17,4.783,0.0,0.715,0.14235,94
18,4.789,0.0,0.715,0.14504,99
19,4.77,0.0,0.715,0.14248,104
20,4.816,0.0,0.715,0.14051,110
21,4.898,0.0,0.715,0.13815,118
22,4.666,0.0,1.728,0.19406,125
23,4.961,0.0,1.728,0.18919,138
24,5.126,0.0,1.728,0.18454,148
25,5.29,0.0,1.728,0.18023,158
26,5.398,0.0,1.728,0.17653,167
27,5.589,0.0,1.728,0.17313,179
28,5.721,0.0,1.728,0.16941,189
29,5.866,0.0,1.728,0.16577,200
30,6.001,0.0,1.728,0.16233,211
31,6.109,0.0,1.728,0.15929,221
32,6.213,0.0,1.728,0.1565,231
33,6.303,0.0,1.728,0.15367,241
34,6.415,0.0,1.728,0.15103,252
35,6.497,0.0,1.728,0.14848,262
36,6.584,0.0,1.728,0.14591,273
37,6.685,0.0,1.728,0.14361,284
38,6.761,0.0,1.728,0.14155,294
39,6.83,0.0,1.728,0.13953,304
40,6.909,0.0,1.728,0.13736,315
41,6.979,0.0,1.728,0.13526,326
42,7.052,0.0,1.728,0.1333,337
43,7.117,0.0,1.728,0.1314,348
44,7.182,0.0,1.728,0.12958,359
45,7.236,0.0,1.728,0.12803,369
46,7.28,0.0,1.728,0.12648,379
47,7.346,0.0,1.728,0.12515,390
48,7.394,0.0,1.728,0.1237,400
49,7.449,0.0,1.728,0.12223,411
50,7.494,0.0,1.728,0.12095,421
51,7.533,0.0,1.728,0.11964,431
52,7.576,0.0,1.728,0.11829,442
53,7.628,0.0,1.728,0.11715,453
54,7.661,0.0,1.728,0.116,463
55,7.697,0.0,1.728,0.11489,473
56,7.746,0.0,1.728,0.11385,484
57,7.779,0.0,1.728,0.11279,494
58,7.818,0.0,1.728,0.11171,505
59,7.855,0.0,1.728,0.1106,516
60,7.89,0.0,1.728,0.11007,527
61,7.92,0.0,1.728,0.10909,538
62,7.957,0.0,1.728,0.10814,549
63,7.985,0.0,1.728,0.10725,559
64,8.008,0.0,1.728,0.10669,569
65,8.044,0.0,1.728,0.10579,580
66,8.062,0.0,1.728,0.10498,590
67,8.099,0.0,1.728,0.10418,601
68,8.129,0.0,1.728,0.1033,612
69,8.152,0.0,1.728,0.10253,622
70,8.175,0.0,1.728,0.10176,632
71,8.196,0.0,1.728,0.10113,642
72,8.218,0.0,1.728,0.10047,653
73,8.251,0.0,1.728,0.09976,664
74,8.264,0.0,1.728,0.09908,674
75,8.294,0.0,1.728,0.09857,685
76,8.315,0.0,1.728,0.09786,696
77,8.329,0.0,1.728,0.09722,706
78,8.358,0.0,1.728,0.09667,717
79,8.375,0.0,1.728,0.09603,727
80,8.397,0.0,1.728,0.09537,738
81,8.409,0.0,1.728,0.09489,748
82,8.426,0.0,1.728,0.09432,759
83,8.453,0.0,1.728,0.09372,770
84,8.472,0.0,1.728,0.09309,781
85,8.478,0.0,1.728,0.09258,791
86,8.498,0.0,1.728,0.09198,802
87,8.513,0.0,1.728,0.09145,812
88,8.526,0.0,1.728,0.09094,822
89,8.545,0.0,1.728,0.09047,833
90,8.559,0.0,1.728,0.08998,843
91,8.575,0.0,1.728,0.08945,854
92,8.589,0.0,1.728,0.08891,865
93,8.603,0.0,1.728,0.08844,875
94,8.616,0.0,1.728,0.08799,885
95,8.627,0.0,1.728,0.08759,895
96,8.644,0.0,1.728,0.08711,906
97,8.659,0.0,1.728,0.08663,917
98,8.671,0.0,1.728,0.08619,927
99,8.683,0.0,1.728,0.08577,937
100,8.694,0.0,1.728,0.08532,948
101,8.709,0.0,1.728,0.08492,959
102,8.723,0.0,1.728,0.08471,970
103,8.736,0.0,1.728,0.08427,981
104,8.736,0.0,1.728,0.08386,991
105,8.735,0.0,1.728,0.0835,1000
106,8.73,0.0,1.728,0.08322,1009
107,8.73,0.0,1.728,0.083,1018
108,8.728,0.0,1.728,0.08274,1027
109,8.731,0.0,1.728,0.08234,1037
110,8.729,0.0,1.728,0.08201,1046
111,8.721,0.0,1.728,0.08176,1055
112,8.72,0.0,1.728,0.08152,1064
113,8.725,0.0,1.728,0.08124,1074
114,8.727,0.0,1.728,0.08097,1083
115,8.722,0.0,1.728,0.08066,1092
116,8.724,0.0,1.728,0.08045,1101
117,8.725,0.0,1.728,0.08025,1110
118,8.723,0.0,1.728,0.07997,1119
119,8.722,0.0,1.728,0.07971,1128
120,8.722,0.0,1.728,0.07954,1138
121,8.723,0.0,1.728,0.07926,1147
122,8.726,0.0,1.728,0.07905,1157
123,8.719,0.0,1.728,0.07886,1166
124,8.719,0.0,1.728,0.07864,1175
125,8.715,0.0,1.728,0.07836,1184
126,8.722,0.0,1.728,0.07809,1194
127,8.726,0.0,1.728,0.0779,1204
128,8.728,0.0,1.728,0.07769,1214
129,8.735,0.0,1.728,0.07743,1224
130,8.729,0.0,1.728,0.0773,1232
131,8.736,0.0,1.728,0.07708,1242
132,8.743,0.0,1.728,0.07681,1252
133,8.736,0.0,1.728,0.07665,1260
134,8.738,0.0,1.728,0.07641,1269
135,8.735,0.0,1.728,0.07617,1278
136,8.729,0.0,1.728,0.07593,1287
137,8.733,0.0,1.728,0.07571,1297
138,8.731,0.0,1.728,0.07549,1306
139,8.731,0.0,1.728,0.07528,1315
140,8.729,0.0,1.728,0.07508,1324
141,8.725,0.0,1.728,0.07484,1333
142,8.724,0.0,1.728,0.0746,1342
143,8.723,0.0,1.728,0.07442,1351
144,8.722,0.0,1.728,0.07426,1360
145,8.718,0.0,1.728,0.07405,1369
146,8.719,0.0,1.728,0.07386,1379
147,8.718,0.0,1.728,0.07367,1388
148,8.716,0.0,1.728,0.07352,1397
149,8.711,0.0,1.728,0.07339,1405
150,8.713,0.0,1.728,0.07329,1415
151,8.715,0.0,1.728,0.07315,1424
152,8.714,0.0,1.728,0.07301,1433
153,8.718,0.0,1.728,0.0728,1443
154,8.715,0.0,1.728,0.07266,1452
155,8.713,0.0,1.728,0.07252,1461
156,8.721,0.0,1.728,0.07242,1471
157,8.716,0.0,1.728,0.07227,1479
158,8.714,0.0,1.728,0.07207,1488
159,8.718,0.0,1.728,0.07186,1498
160,8.715,0.0,1.728,0.07166,1507
161,8.711,0.0,1.728,0.07159,1516
162,8.703,0.0,1.728,0.07143,1525
163,8.703,0.0,1.728,0.07129,1534
164,8.713,0.0,1.728,0.0711,1545
165,8.716,0.0,1.728,0.07097,1555
166,8.716,0.0,1.728,0.07078,1565
167,8.718,0.0,1.728,0.07063,1575
168,8.717,0.0,1.728,0.07051,1584
169,8.714,0.0,1.728,0.07034,1593
170,8.709,0.0,1.728,0.07031,1601
171,8.709,0.0,1.728,0.07018,1610
172,8.705,0.0,1.728,0.07004,1619
173,8.705,0.0,1.728,0.06986,1628
174,8.702,0.0,1.728,0.06973,1637
175,8.702,0.0,1.728,0.06957,1646
176,8.705,0.0,1.728,0.06949,1656
177,8.702,0.0,1.728,0.06944,1665
178,8.696,0.0,1.728,0.06931,1673
179,8.697,0.0,1.728,0.06918,1682
180,8.693,0.0,1.728,0.06908,1690
181,8.692,0.0,1.728,0.06891,1699
182,8.688,0.0,1.728,0.06891,1708
183,8.689,0.0,1.728,0.0688,1717
184,8.688,0.0,1.728,0.06864,1726
185,8.689,0.0,1.728,0.06848,1735
186,8.689,0.0,1.728,0.06832,1744
187,8.686,0.0,1.728,0.06826,1753
188,8.68,0.0,1.728,0.06814,1761
189,8.681,0.0,1.728,0.06805,1770
190,8.682,0.0,1.728,0.06794,1779
191,8.685,0.0,1.728,0.0678,1789
192,8.68,0.0,1.728,0.06769,1797
193,8.682,0.0,1.728,0.06759,1806
194,8.678,0.0,1.728,0.06746,1814
195,8.677,0.0,1.728,0.06744,1823
196,8.677,0.0,1.728,0.06732,1832
197,8.679,0.0,1.728,0.06718,1841
198,8.686,0.0,1.728,0.06701,1852
199,8.689,0.0,1.728,0.06685,1862
200,8.69,0.0,1.728,0.06674,1871
201,8.695,0.0,1.728,0.06661,1881
202,8.694,0.0,1.728,0.06657,1890
203,8.699,0.0,1.728,0.06643,1900
204,8.706,0.0,1.728,0.06631,1911
205,8.707,0.0,1.728,0.0662,1920
206,8.705,0.0,1.728,0.06606,1929
